-- phpMyAdmin SQL Dump
-- version 4.9.2
-- https://www.phpmyadmin.net/
--
-- Host: 127.0.0.1
-- Generation Time: Feb 18, 2020 at 07:17 AM
-- Server version: 10.4.11-MariaDB
-- PHP Version: 7.2.26

SET SQL_MODE = "NO_AUTO_VALUE_ON_ZERO";
SET AUTOCOMMIT = 0;
START TRANSACTION;
SET time_zone = "+00:00";


/*!40101 SET @OLD_CHARACTER_SET_CLIENT=@@CHARACTER_SET_CLIENT */;
/*!40101 SET @OLD_CHARACTER_SET_RESULTS=@@CHARACTER_SET_RESULTS */;
/*!40101 SET @OLD_COLLATION_CONNECTION=@@COLLATION_CONNECTION */;
/*!40101 SET NAMES utf8mb4 */;

--
-- Database: `gumcode_user_mgm`
--

-- --------------------------------------------------------

--
-- Table structure for table `dm_domain`
--

CREATE TABLE `dm_domain` (
  `id_domain` int(11) NOT NULL,
  `name_domain` varchar(50) NOT NULL
) ENGINE=MyISAM DEFAULT CHARSET=latin1;

--
-- Dumping data for table `dm_domain`
--

INSERT INTO `dm_domain` (`id_domain`, `name_domain`) VALUES
(2, 'huawei'),
(0, 'all');

-- --------------------------------------------------------

--
-- Table structure for table `dm_userlevel`
--

CREATE TABLE `dm_userlevel` (
  `id_userlevel` int(11) NOT NULL,
  `name_userlevel` varchar(50) NOT NULL
) ENGINE=InnoDB DEFAULT CHARSET=latin1;

--
-- Dumping data for table `dm_userlevel`
--

INSERT INTO `dm_userlevel` (`id_userlevel`, `name_userlevel`) VALUES
(1, 'management'),
(2, 'leader_callcenter'),
(3, 'callcenter'),
(4, 'spv'),
(5, 'leader_cwh'),
(6, 'cwh_good'),
(7, 'cwh_faulty'),
(8, 'icare'),
(9, 'finance'),
(10, 'fsl'),
(11, 'customer'),
(12, 'project_manager'),
(13, 'customer_manager'),
(14, 'rma_handling'),
(69, 'admin_it');

-- --------------------------------------------------------

--
-- Table structure for table `dt_user`
--

CREATE TABLE `dt_user` (
  `id_user` int(11) NOT NULL,
  `name_user` varchar(50) NOT NULL,
  `email` varchar(50) NOT NULL,
  `password` varchar(50) NOT NULL,
  `no_telp` varchar(50) DEFAULT NULL,
  `url_foto` varchar(200) DEFAULT NULL,
  `id_domain` int(11) NOT NULL,
  `id_project` int(11) DEFAULT NULL,
  `id_customer` int(11) DEFAULT NULL,
  `id_warehouse` int(11) NOT NULL,
  `id_userlevel` int(11) NOT NULL,
  `activated` tinyint(1) NOT NULL DEFAULT 1
) ENGINE=InnoDB DEFAULT CHARSET=latin1;

--
-- Dumping data for table `dt_user`
--

INSERT INTO `dt_user` (`id_user`, `name_user`, `email`, `password`, `no_telp`, `url_foto`, `id_domain`, `id_project`, `id_customer`, `id_warehouse`, `id_userlevel`, `activated`) VALUES
(1, 'mgm', 'mgm@wmshil.com', '74a05178dba3bc90ce474542307a0965', '', NULL, 2, 0, 0, 0, 1, 1),
(2, 'call_center', 'call_center@wmshil.com', 'd35129fda496330ece1df0540794ec6e', '', NULL, 2, 0, 0, 0, 3, 1),
(3, 'it_wmshil', 'it_wmshil@wmshil.com', '96578e3c3c9b85afa47c865314f444ba', '12344321', '1576830306-1868332_1.jpg', 0, 0, 0, 3, 69, 1),
(4, 'spv', 'spv@wmshil.com', 'f4984324c6673ce07aafac15600af26e', '', NULL, 2, 0, 0, 0, 4, 1),
(6, 'fsl', 'fsl@wmshil.com', 'cf0954bcbcceac4ddd38421384c09d0e', '', NULL, 2, 0, 0, 1, 10, 1),
(7, 'icare', 'icare@wmshil.com', '4d1c57da4ead3ff69539686eea36bb58', '', NULL, 2, 0, 0, 0, 8, 1),
(8, 'finance', 'finance@wmshil.com', '57336afd1f4b40dfd9f5731e35302fe5', '', NULL, 2, 0, 0, 0, 9, 1),
(9, 'customer', 'customer@wmshil.com', '91ec1f9324753048c0096d036a694f86', '', NULL, 2, 0, 0, 1, 11, 1),
(10, 'fsl_bdg', 'fsl_bdg@wmshil.com', '7bdbc6d94fb459870d98660101d4769a', '', NULL, 2, 0, 0, 2, 10, 1),
(11, 'fsl_bgr', 'fsl_bgr@wmshil.com', '29f91f6545c3ac1d3705cf0324523d65', '', NULL, 2, 0, 0, 7, 10, 1),
(12, 'leader_callcenter', 'leader_cc@wmshil.com', 'c8b40072b0010ae5d680606e0a590a60', '', NULL, 2, 0, 0, 0, 2, 1),
(13, 'cwh_good', 'cwh_good@wmshil.com', '49ba31710ff175b531b5b22174317de5', '', NULL, 2, 0, 0, 1, 6, 1),
(14, 'cwh_faulty', 'cwh_faulty@wmshil.com', 'c3d1c3c2ed1f86bae6c3a3951349a012', '', NULL, 2, 0, 0, 1, 7, 1),
(15, 'project_manager', 'project_manager@wmshil.com', '0abd32f6d498474ddcefa3c8e8ce89fb', '', NULL, 2, 0, 0, 1, 12, 1),
(16, 'Eky', 'eky@harrasima.id', 'a8dc09b88b3a286182e3444dcba0ebdc', '081214266615', NULL, 2, 0, 0, 0, 2, 1),
(17, 'Fikri', 'fikri@harrasima.id', 'd818985df3d56a6864494ccac8942e82', '+62 813-8072-4846', NULL, 2, 0, 0, 0, 3, 1),
(19, 'Wina', 'wina@harrasima.id', '28b1bbffaff1c7a17e3c22dca0da520b', '+62 813-9447-7897 / +62 896-7134-4405', NULL, 2, 0, 0, 0, 8, 1),
(20, 'Citra', 'citra@harrasima.id', '28b1bbffaff1c7a17e3c22dca0da520b', '+62 859-5936-9098', NULL, 2, 0, 0, 0, 8, 1),
(21, 'Usep', 'usep@harrasima.id', 'e14e690d60a922116530398f31f3dc8a', '081290581049', '1579138587-ndrew.jpg', 2, 0, 0, 0, 4, 1),
(22, 'Kristian', 'kristian@harrasima.id', 'e1ff96cfbb163479309ab2b5aae79ed0', '082218001112', '1576996130-IMG_20151118_155102.jpg', 2, 0, 0, 0, 4, 1),
(23, 'Heykal', 'heykal@harrasima.id', 'b877376615a1dccd0a3dbc2bd78a1b97', '087874091662', NULL, 2, 0, 0, 1, 5, 1),
(24, 'Agung', 'agung@harrasima.id', '28b1bbffaff1c7a17e3c22dca0da520b', '+62 813-1357-4831', NULL, 2, 0, 0, 1, 6, 1),
(25, 'Iwan', 'iwan@harrasima.id', '28b1bbffaff1c7a17e3c22dca0da520b', '+62 822-9530-1437', NULL, 2, 0, 0, 1, 7, 1),
(26, 'FSL Bandung', 'bandung@harrasima.id', 'f91b0219a20d878e3a4894f81224a023', '081283311297', '1577708672-Pas_Foto_Andri.jpg', 2, 0, 0, 2, 10, 1),
(27, 'FSL Banjarmasin', 'banjarmasin@harrasima.id', '79e5e747dedfeba8fd73734d62f84b93', '082246197700', '1577699021-pas_foto.JPG', 2, 0, 0, 3, 10, 1),
(28, 'FSL Batam', 'batam@harrasima.id', '28b1bbffaff1c7a17e3c22dca0da520b', '+62 856-4233-3341', NULL, 2, 0, 0, 4, 10, 1),
(29, 'FSL Bengkulu', 'bengkulu@harrasima.id', '28b1bbffaff1c7a17e3c22dca0da520b', '081278405678 085832444388', '1577696391-IMG_20190209_172230.jpg', 2, 0, 0, 5, 10, 1),
(30, 'FSL Bima', 'bima@harrasima.id', '28b1bbffaff1c7a17e3c22dca0da520b', '+62 821-5723-3305', NULL, 2, 0, 0, 6, 10, 1),
(31, 'FSL Bogor', 'bogor@harrasima.id', '28b1bbffaff1c7a17e3c22dca0da520b', '+62 838-9064-5218', NULL, 2, 0, 0, 7, 10, 1),
(32, 'FSL Cirebon', 'cirebon@harrasima.id', '28b1bbffaff1c7a17e3c22dca0da520b', '+62 821-1311-5453', NULL, 2, 0, 0, 8, 10, 1),
(33, 'FSL Denpasar', 'denpasar@harrasima.id', '28b1bbffaff1c7a17e3c22dca0da520b', '+62 813-2355-3828', NULL, 2, 0, 0, 9, 10, 1),
(34, 'FSL Jakarta', 'jakarta@harrasima.id', '28b1bbffaff1c7a17e3c22dca0da520b', '+62 898-1424-748 / +62 812-7288-3376', NULL, 2, 0, 0, 10, 10, 1),
(35, 'FSL Jambi', 'jambi@harrasima.id', '28b1bbffaff1c7a17e3c22dca0da520b', '+62 852-6901-6843 / +62 896-7692-0716', NULL, 2, 0, 0, 11, 10, 1),
(36, 'Mulyadi', 'jayapura@harrasima.id', 'a87b6b1e14535a152b0687c6a9f3bae8', '085310433369', NULL, 2, 0, 0, 12, 10, 1),
(37, 'FSL Jember', 'jember@harrasima.id', '28b1bbffaff1c7a17e3c22dca0da520b', '082217796331', '1578916634-IMG20180420111901.jpg', 2, 0, 0, 13, 10, 1),
(38, 'FSL Kendari', 'kendari@harrasima.id', 'f5bad4c5e49004870dd01b2d60326ed1', '085394770948', NULL, 2, 0, 0, 14, 10, 1),
(39, 'FSL Kupang', 'kupang@harrasima.id', '28b1bbffaff1c7a17e3c22dca0da520b', '+62 852-3781-1339', NULL, 2, 0, 0, 15, 10, 1),
(40, 'FSL Makassar', 'makassar@harrasima.id', '28b1bbffaff1c7a17e3c22dca0da520b', '+62 858-1284-1995', NULL, 2, 0, 0, 16, 10, 1),
(41, 'Danu Ramdhan', 'malang@harrasima.id', '28b1bbffaff1c7a17e3c22dca0da520b', '081290892000', '1577717515-dr.jpg', 2, 0, 0, 17, 10, 1),
(42, 'Wesly Haloho', 'manado@harrasima.id', '28b1bbffaff1c7a17e3c22dca0da520b', '081215768499', NULL, 2, 0, 0, 18, 10, 1),
(43, 'Agus Setiawan', 'mataram@harrasima.id', '497a80a31a9137de053c2ecf68694503', '089609992025', '1577698108-FOTO_1.jpg', 2, 0, 0, 19, 10, 1),
(44, 'FSL Maumere', 'maumere@harrasima.id', '28b1bbffaff1c7a17e3c22dca0da520b', '+62 812-3932-8581', NULL, 2, 0, 0, 20, 10, 1),
(45, 'FSL Medan', 'medan@harrasima.id', '28b1bbffaff1c7a17e3c22dca0da520b', '+62 856-6878-7600 / +62 857-6060-0212', NULL, 2, 0, 0, 21, 10, 1),
(46, 'FSL Padang', 'padang@harrasima.id', 'a19b365e25619cbc913e3361de46c9f5', '082399080320', '1577709589-PAS_PHOTO.jpg', 2, 0, 0, 22, 10, 1),
(47, 'FSL Palangkaraya', 'palangkaraya@harrasima.id', '324ae0fca85585843d880a82ad99aec9', '081250700070', '1577820899-gayaedit.jpg', 2, 0, 0, 23, 10, 1),
(48, 'Palembang', 'palembang@harrasima.id', '28b1bbffaff1c7a17e3c22dca0da520b', '08117134569', '1578891322-merah_besar.jpg', 2, 0, 0, 24, 10, 1),
(49, 'FSL Palu', 'palu@harrasima.id', '28b1bbffaff1c7a17e3c22dca0da520b', '+62 852-9820-6427', NULL, 2, 0, 0, 25, 10, 1),
(50, 'FSL Pangkalpinang', 'pangkalpinang@harrasima.id', '28b1bbffaff1c7a17e3c22dca0da520b', '+62 823-7766-4569 / +62 857-6464-4788', NULL, 2, 0, 0, 26, 10, 1),
(51, 'FSL Pekanbaru', 'pekanbaru@harrasima.id', 'd3c037128d5f6e150d1d9ffa72f91c28', '081270893911', '1579487552-IMG_20151109_204345.jpg', 2, 0, 0, 27, 10, 1),
(52, 'FSL Pontianak', 'pontianak@harrasima.id', '28b1bbffaff1c7a17e3c22dca0da520b', '+62 838-2216-9111 / +62 821-1005-9576', NULL, 2, 0, 0, 28, 10, 1),
(53, 'ELPINUS WELA', 'ruteng@harrasima.id', '28b1bbffaff1c7a17e3c22dca0da520b', '085338070597', NULL, 2, 0, 0, 29, 10, 1),
(54, 'August H.s', 'samarinda@harrasima.id', 'd4d18b1375340823c072dd96ad7bebdf', '082262388880', NULL, 2, 0, 0, 30, 10, 1),
(55, 'Fajar Setiawan', 'semarang@harrasima.id', '129c771f745142d1fc8130b9a1252d24', '085642333341', NULL, 2, 0, 0, 31, 10, 1),
(56, 'FSL Solo', 'solo@harrasima.id', '8b7b721258eed1b652867d96b3a2d856', '082129551378', NULL, 2, 0, 0, 32, 10, 1),
(57, 'FSL Sukabumi', 'sukabumi@harrasima.id', '24e6db6fd92e87efc113838d1238d2a1', '089632953437', '1577856887-IMG_20200101_123139.JPG', 2, 0, 0, 33, 10, 1),
(58, 'FSL Sumbawa', 'sumbawa@harrasima.id', '28b1bbffaff1c7a17e3c22dca0da520b', '+62 831-2920-3241', NULL, 2, 0, 0, 34, 10, 1),
(59, 'FSL Surabaya', 'surabaya@harrasima.id', '28b1bbffaff1c7a17e3c22dca0da520b', '+62 822-3070-4210 / +62 821-1144-9014', NULL, 2, 0, 0, 35, 10, 1),
(60, 'Asep Trantana ', 'tasikmalaya@harrasima.id', '28b1bbffaff1c7a17e3c22dca0da520b', '085323062353', '1577698815-as_2.jpg', 2, 0, 0, 36, 10, 1),
(61, 'eka kusuma wardani', 'tegal@harrasima.id', '65efb3b0883e4703b62b724c5c1b1536', '085600891008', '1578918562-propile.jpg', 2, 0, 0, 37, 10, 1),
(62, 'FSL Sumba Waingapu', 'waingapu@harrasima.id', '28b1bbffaff1c7a17e3c22dca0da520b', '+62 813-3958-8813', NULL, 2, 0, 0, 38, 10, 1),
(63, 'FSL Yogya', 'yogyakarta@harrasima.id', 'a3348d3547932fc304a88e3068883b79', '081328204558', '1579044729-IMG-20200115-WA0003.jpg', 2, 0, 0, 39, 10, 1),
(64, 'FSL Singaraja', 'singaraja@harrasima.id', '28b1bbffaff1c7a17e3c22dca0da520b', '+62 857-9727-6402', NULL, 2, 0, 0, 40, 10, 1),
(65, 'Reza Apriyanto Setiadi', 'balikpapan@harrasima.id', 'b5ec0790b351ad3212e688bad36eef35', '089696698978', NULL, 2, 0, 0, 41, 10, 1),
(66, 'HERIYANTO LAIMAN', 'ambon@harrasima.id', '28b1bbffaff1c7a17e3c22dca0da520b', '085343020253', '1579485420-HIL_(Background_Ilang).png', 2, 0, 0, 42, 10, 1),
(67, 'FSL Lampung', 'lampung@harrasima.id', '28b1bbffaff1c7a17e3c22dca0da520b', '+62 812-7950-733', NULL, 2, 0, 0, 43, 10, 1),
(68, 'Fachmi', 'fachmi.mulyadi@harrasima.id', '73b197105b5366d300bcab1aba35fb9b', '628998504077', '1576856869-Fachmi_Mulyadi.JPG', 2, 0, 0, 0, 12, 1),
(69, 'Ayu Putri Pratiwi', 'ayu@harrasima.id', '5e2dd684077912e42f187cc9a911ec5f', '+62 878-3958-1640', NULL, 2, 0, 0, 0, 6, 1),
(70, 'Tito Rayendra Frasat', 'tito@harrasima.id', 'c402d493dd6e84e5b9ef7197ab419b46', '+62 812-1374-6970 / +62 813-8607-7980', NULL, 2, 0, 0, 1, 6, 1),
(71, 'Candra Lesmana', 'candra@harrasima.id', 'wm5h1l', '', 'user2-160x160.jpg', 2, 0, 0, 1, 7, 0),
(72, 'Faisal', 'faisal@harrasima.id', '49e3dc265958a31bfa63ce5f662cc9d6', '+62 812-8866-8292', NULL, 2, 0, 0, 0, 12, 1),
(73, 'Devis Pratama', 'devis@harrasima.id', '762817bb1826bf3c2e89ee0dfc47c352', '081317290191', '1578993913-devis.jpg', 2, 0, 0, 0, 3, 1),
(74, 'Yosep', 'yosep@harrasima.id', 'fd0b2d0bc2a93273463104052bfccde3', '+62 812-1115-6484', NULL, 2, 0, 0, 1, 7, 1),
(75, 'Andy Budiman', 'andy.budiman@huawei.com', '0df8dcb27ddb34c49444c6deea6f4ea1', NULL, NULL, 2, 0, 0, 0, 13, 1),
(76, 'Emil Panji Indra', 'emil.panji.indra@huawei.com', '7546f337b8d8cd0e3bd9a89620c0ce7f', NULL, NULL, 2, 0, 0, 0, 13, 1),
(77, 'Oky', 'oky@harrasima.id', 'cb57787e56b7f635a35735a3b864729e', '081222095884', '1578540916-FB_IMG_1541992300737.jpg', 0, 0, 0, 0, 69, 1),
(78, 'deWait', 'dewait@wmshil.com', '070cdaa9e56965eb9b442c5f9babd3a8', '081881818', '1578535348-HIL_(Background_Ilang).png', 0, 0, 0, 0, 69, 1),
(82, 'Fanny Triani', 'fanny@harrasima.id', '28b1bbffaff1c7a17e3c22dca0da520b', '081382505515', NULL, 2, 0, 0, 0, 3, 1),
(85, 'Lulu R Fauzyah', 'lulu@harrasima.id', '91104732c7d3fc07247ae4c9555b0fe0', '085793772167', '1578363887-HIL_(Background_Ilang).png', 2, 0, 0, 0, 9, 1),
(86, 'Hani', 'hani@harrasima.id', '91104732c7d3fc07247ae4c9555b0fe0', '081394217080', '1578364145-HIL_(Background_Ilang).png', 2, 0, 0, 0, 9, 1),
(87, 'Tyne', 'tyne@harrasima.id', '91104732c7d3fc07247ae4c9555b0fe0', '083195647884', '1578364279-HIL_(Background_Ilang).png', 2, 0, 0, 0, 9, 1),
(88, 'Ade Mina', 'ademina@harrasima.id', '91104732c7d3fc07247ae4c9555b0fe0', '081387334376', '1578475172-HIL_(Background_Ilang).png', 2, 0, 0, 0, 1, 1),
(89, 'customer1', 'customer1@wmshil.com', 'ffbc4675f864e0e9aab8bdf7a0437010', '123123123', '1578550431-HIL_(Background_Ilang).png', 2, 0, 1, 0, 11, 1),
(90, 'customer2', 'customer2@wmshil.com', '5ce4d191fd14ac85a1469fb8c29b7a7b', '1231231231', '1578550485-HIL_(Background_Ilang).png', 2, 0, 2, 0, 11, 1),
(91, 'FSL TEST', 'test@wmshil.com', '098f6bcd4621d373cade4e832627b4f6', '123456789', '1579049228-HIL_(Background_Ilang).png', 2, 0, 0, 50, 10, 1);

-- --------------------------------------------------------

--
-- Table structure for table `dt_user_log`
--

CREATE TABLE `dt_user_log` (
  `id_log` int(11) NOT NULL,
  `id_user` int(11) NOT NULL,
  `timestamp` datetime NOT NULL,
  `log_wrong_pass` int(11) NOT NULL DEFAULT 0
) ENGINE=MyISAM DEFAULT CHARSET=latin1;

--
-- Dumping data for table `dt_user_log`
--

INSERT INTO `dt_user_log` (`id_log`, `id_user`, `timestamp`, `log_wrong_pass`) VALUES
(11, 21, '2020-01-02 20:27:04', 0),
(14, 37, '2020-01-03 06:57:30', 0),
(13, 17, '2020-01-03 01:31:31', 0),
(12, 60, '2020-01-02 21:59:19', 1),
(15, 44, '2020-01-03 06:57:53', 0),
(16, 29, '2020-01-03 07:51:19', 0),
(17, 77, '2020-01-03 07:53:36', 0),
(18, 20, '2020-01-03 08:17:50', 0),
(19, 70, '2020-01-03 08:25:03', 0),
(20, 44, '2020-01-03 08:31:28', 0),
(21, 44, '2020-01-03 08:36:24', 0),
(22, 4, '2020-01-03 08:40:54', 0),
(23, 29, '2020-01-03 08:44:47', 0),
(24, 19, '2020-01-03 09:08:46', 0),
(25, 77, '2020-01-03 09:20:45', 0),
(26, 17, '2020-01-03 09:48:13', 0),
(27, 58, '2020-01-03 10:00:24', 0),
(28, 69, '2020-01-03 10:28:24', 0),
(29, 21, '2020-01-03 10:37:30', 0),
(30, 63, '2020-01-03 10:47:27', 0),
(31, 62, '2020-01-03 11:09:20', 0),
(32, 53, '2020-01-03 11:20:35', 0),
(33, 58, '2020-01-03 12:56:40', 0),
(34, 64, '2020-01-03 12:58:28', 5),
(35, 3, '2020-01-03 13:10:36', 0),
(36, 4, '2020-01-03 13:15:57', 0),
(37, 4, '2020-01-03 13:42:01', 0),
(38, 4, '2020-01-03 14:17:26', 0),
(39, 4, '2020-01-03 14:21:49', 0),
(40, 70, '2020-01-03 14:38:58', 0),
(41, 55, '2020-01-03 15:01:36', 0),
(42, 77, '2020-01-03 15:36:40', 0),
(43, 62, '2020-01-03 17:16:02', 0),
(44, 3, '2020-01-03 17:17:29', 0),
(45, 3, '2020-01-03 17:28:17', 1),
(46, 3, '2020-01-03 17:33:05', 0),
(47, 64, '2020-01-03 17:33:25', 0),
(48, 77, '2020-01-03 17:36:16', 0),
(49, 77, '2020-01-03 17:54:55', 0),
(50, 21, '2020-01-03 17:56:06', 0),
(51, 32, '2020-01-03 18:20:56', 0),
(52, 64, '2020-01-03 18:47:14', 0),
(53, 17, '2020-01-03 18:50:59', 0),
(54, 45, '2020-01-03 19:29:45', 0),
(55, 28, '2020-01-03 23:58:21', 0),
(56, 35, '2020-01-04 00:55:31', 0),
(57, 44, '2020-01-04 08:13:11', 0),
(58, 77, '2020-01-04 10:39:14', 1),
(59, 58, '2020-01-04 11:10:12', 0),
(60, 62, '2020-01-04 12:33:43', 0),
(61, 21, '2020-01-04 15:38:47', 0),
(62, 29, '2020-01-04 16:05:26', 0),
(63, 77, '2020-01-04 16:13:52', 0),
(64, 46, '2020-01-04 16:16:20', 2),
(65, 46, '2020-01-04 16:16:50', 4),
(66, 46, '2020-01-04 16:23:45', 2),
(67, 64, '2020-01-04 16:32:44', 0),
(68, 28, '2020-01-04 16:37:16', 0),
(69, 44, '2020-01-04 22:07:12', 0),
(70, 58, '2020-01-05 07:05:57', 0),
(71, 21, '2020-01-05 10:18:24', 0),
(72, 31, '2020-01-05 10:23:52', 1),
(73, 77, '2020-01-05 10:38:09', 1),
(74, 78, '2020-01-05 10:39:35', 4),
(75, 16, '2020-01-05 12:26:03', 0),
(76, 45, '2020-01-05 14:33:45', 0),
(77, 21, '2020-01-05 14:56:23', 0),
(78, 16, '2020-01-05 15:27:37', 0),
(79, 16, '2020-01-05 15:27:50', 0),
(80, 77, '2020-01-05 15:29:05', 0),
(81, 32, '2020-01-05 16:34:03', 0),
(82, 53, '2020-01-05 17:02:58', 0),
(83, 62, '2020-01-05 18:39:23', 0),
(84, 64, '2020-01-05 20:41:43', 0),
(85, 21, '2020-01-05 20:45:37', 0),
(86, 64, '2020-01-05 20:52:30', 0),
(87, 35, '2020-01-06 01:10:50', 0),
(88, 17, '2020-01-06 05:44:37', 0),
(89, 77, '2020-01-06 08:02:48', 0),
(90, 70, '2020-01-06 08:07:15', 0),
(91, 20, '2020-01-06 08:10:52', 0),
(92, 22, '2020-01-06 08:12:09', 0),
(93, 8, '2020-01-06 08:14:48', 0),
(94, 24, '2020-01-06 08:27:26', 0),
(95, 53, '2020-01-06 08:31:04', 0),
(96, 53, '2020-01-06 08:31:13', 0),
(97, 68, '2020-01-06 08:31:15', 0),
(98, 82, '2020-01-06 08:31:40', 0),
(99, 23, '2020-01-06 08:52:42', 0),
(100, 75, '2020-01-06 09:01:53', 0),
(101, 44, '2020-01-06 09:07:38', 0),
(102, 58, '2020-01-06 09:13:19', 0),
(103, 30, '2020-01-06 09:37:43', 0),
(104, 69, '2020-01-06 09:40:19', 0),
(105, 21, '2020-01-06 09:40:36', 0),
(106, 21, '2020-01-06 09:40:37', 0),
(107, 26, '2020-01-06 09:47:58', 0),
(108, 19, '2020-01-06 10:22:13', 0),
(109, 68, '2020-01-06 10:40:34', 0),
(110, 62, '2020-01-06 10:58:15', 0),
(111, 3, '2020-01-06 12:03:00', 0),
(112, 10, '2020-01-06 12:32:57', 0),
(113, 2, '2020-01-06 12:35:12', 0),
(114, 78, '2020-01-06 12:44:38', 0),
(115, 2, '2020-01-06 12:49:07', 0),
(116, 10, '2020-01-06 12:49:43', 0),
(117, 25, '2020-01-06 13:32:48', 0),
(118, 75, '2020-01-06 13:51:31', 0),
(119, 35, '2020-01-06 14:00:25', 0),
(120, 10, '2020-01-06 14:14:44', 0),
(121, 22, '2020-01-06 14:17:37', 0),
(122, 70, '2020-01-06 14:17:58', 0),
(123, 3, '2020-01-06 14:47:03', 0),
(124, 77, '2020-01-06 15:29:25', 0),
(125, 62, '2020-01-06 15:50:09', 0),
(126, 3, '2020-01-06 16:04:42', 1),
(127, 33, '2020-01-06 16:08:57', 0),
(128, 23, '2020-01-06 16:18:20', 0),
(129, 64, '2020-01-06 16:18:46', 0),
(130, 3, '2020-01-06 16:20:09', 1),
(131, 58, '2020-01-06 18:09:05', 0),
(132, 77, '2020-01-06 18:26:06', 0),
(133, 45, '2020-01-06 20:02:50', 0),
(134, 30, '2020-01-06 22:06:25', 0),
(135, 64, '2020-01-06 22:48:49', 0),
(136, 82, '2020-01-07 07:20:14', 0),
(137, 21, '2020-01-07 07:33:31', 0),
(138, 77, '2020-01-07 07:33:33', 0),
(139, 64, '2020-01-07 07:37:04', 0),
(140, 64, '2020-01-07 07:43:39', 0),
(141, 70, '2020-01-07 08:02:31', 0),
(142, 20, '2020-01-07 08:03:59', 0),
(143, 68, '2020-01-07 08:16:40', 0),
(144, 23, '2020-01-07 08:21:08', 0),
(145, 21, '2020-01-07 08:31:19', 0),
(146, 77, '2020-01-07 08:40:03', 0),
(147, 65, '2020-01-07 09:13:26', 0),
(148, 64, '2020-01-07 09:20:57', 0),
(149, 77, '2020-01-07 09:22:46', 1),
(150, 22, '2020-01-07 09:38:53', 0),
(151, 30, '2020-01-07 09:43:43', 0),
(152, 3, '2020-01-07 09:50:25', 0),
(153, 62, '2020-01-07 09:50:33', 0),
(154, 8, '2020-01-07 09:50:54', 0),
(155, 58, '2020-01-07 10:17:11', 0),
(156, 20, '2020-01-07 10:32:44', 0),
(157, 19, '2020-01-07 10:33:09', 0),
(158, 3, '2020-01-07 11:12:44', 0),
(159, 44, '2020-01-07 11:37:21', 0),
(160, 24, '2020-01-07 11:48:14', 0),
(161, 3, '2020-01-07 11:49:39', 0),
(162, 21, '2020-01-07 13:20:01', 0),
(163, 77, '2020-01-07 13:26:20', 1),
(164, 69, '2020-01-07 14:05:53', 0),
(165, 21, '2020-01-07 14:15:51', 0),
(166, 20, '2020-01-07 14:44:03', 0),
(167, 16, '2020-01-07 15:02:30', 0),
(168, 30, '2020-01-07 15:31:57', 0),
(169, 58, '2020-01-07 15:42:03', 0),
(170, 17, '2020-01-07 16:14:17', 0),
(171, 19, '2020-01-07 16:18:39', 0),
(172, 10, '2020-01-07 16:23:33', 0),
(173, 2, '2020-01-07 16:23:53', 0),
(174, 64, '2020-01-07 16:44:38', 0),
(175, 22, '2020-01-07 17:34:40', 0),
(176, 23, '2020-01-07 18:25:57', 0),
(177, 24, '2020-01-07 18:26:41', 0),
(178, 77, '2020-01-07 18:52:18', 0),
(179, 77, '2020-01-07 19:23:09', 0),
(180, 44, '2020-01-07 19:41:53', 0),
(181, 44, '2020-01-07 19:41:59', 0),
(182, 21, '2020-01-07 20:04:26', 0),
(183, 3, '2020-01-07 20:19:50', 1),
(184, 10, '2020-01-07 20:22:24', 0),
(185, 10, '2020-01-07 20:22:34', 0),
(186, 3, '2020-01-07 20:23:46', 0),
(187, 3, '2020-01-07 20:29:36', 0),
(188, 3, '2020-01-07 20:42:35', 0),
(189, 64, '2020-01-07 20:50:33', 0),
(190, 19, '2020-01-07 21:24:19', 0),
(191, 64, '2020-01-07 21:37:56', 0),
(192, 24, '2020-01-08 00:31:19', 0),
(193, 68, '2020-01-08 04:14:02', 0),
(194, 82, '2020-01-08 07:27:25', 0),
(195, 21, '2020-01-08 08:15:21', 0),
(196, 70, '2020-01-08 08:21:04', 0),
(197, 20, '2020-01-08 08:26:26', 0),
(198, 58, '2020-01-08 08:37:46', 0),
(199, 22, '2020-01-08 08:43:31', 0),
(200, 24, '2020-01-08 08:51:43', 0),
(201, 68, '2020-01-08 09:05:36', 0),
(202, 29, '2020-01-08 09:15:53', 0),
(203, 75, '2020-01-08 10:47:17', 0),
(204, 24, '2020-01-08 10:58:05', 2),
(205, 58, '2020-01-08 10:59:39', 0),
(206, 23, '2020-01-08 11:23:45', 0),
(207, 77, '2020-01-08 11:26:30', 0),
(208, 24, '2020-01-08 11:45:45', 0),
(209, 23, '2020-01-08 11:47:25', 0),
(210, 77, '2020-01-08 12:19:21', 0),
(211, 64, '2020-01-08 12:21:19', 0),
(212, 64, '2020-01-08 12:22:50', 0),
(213, 64, '2020-01-08 12:26:32', 0),
(214, 10, '2020-01-08 12:48:27', 0),
(215, 70, '2020-01-08 13:04:10', 0),
(216, 64, '2020-01-08 13:04:45', 0),
(217, 3, '2020-01-08 13:12:03', 0),
(218, 24, '2020-01-08 14:01:14', 0),
(219, 77, '2020-01-08 15:00:28', 0),
(220, 23, '2020-01-08 15:06:25', 0),
(221, 44, '2020-01-08 15:07:58', 0),
(222, 68, '2020-01-08 15:35:27', 0),
(223, 3, '2020-01-08 15:42:49', 0),
(224, 29, '2020-01-08 15:42:55', 0),
(225, 32, '2020-01-08 16:10:50', 0),
(226, 77, '2020-01-08 16:22:36', 0),
(227, 29, '2020-01-08 19:42:39', 0),
(228, 23, '2020-01-08 20:01:21', 0),
(229, 24, '2020-01-08 20:55:36', 0),
(230, 31, '2020-01-08 23:25:48', 0),
(231, 24, '2020-01-08 23:36:59', 0),
(232, 26, '2020-01-09 02:59:03', 0),
(233, 82, '2020-01-09 06:52:40', 0),
(234, 20, '2020-01-09 07:55:25', 0),
(235, 24, '2020-01-09 08:09:27', 0),
(236, 69, '2020-01-09 08:18:31', 0),
(237, 21, '2020-01-09 08:20:55', 0),
(238, 70, '2020-01-09 08:25:56', 0),
(239, 49, '2020-01-09 08:53:43', 1),
(240, 78, '2020-01-09 09:01:47', 0),
(241, 78, '2020-01-09 09:02:39', 0),
(242, 23, '2020-01-09 09:02:53', 0),
(243, 82, '2020-01-09 09:05:21', 0),
(244, 22, '2020-01-09 09:10:42', 0),
(245, 29, '2020-01-09 09:11:30', 0),
(246, 68, '2020-01-09 09:30:53', 0),
(247, 26, '2020-01-09 09:48:37', 0),
(248, 10, '2020-01-09 09:52:13', 0),
(249, 10, '2020-01-09 09:54:02', 0),
(250, 31, '2020-01-09 10:17:30', 0),
(251, 62, '2020-01-09 10:20:10', 0),
(252, 77, '2020-01-09 10:26:10', 0),
(253, 77, '2020-01-09 10:35:49', 0),
(254, 74, '2020-01-09 10:38:04', 0),
(255, 3, '2020-01-09 11:07:44', 0),
(256, 34, '2020-01-09 11:09:20', 0),
(257, 70, '2020-01-09 11:22:54', 0),
(258, 21, '2020-01-09 11:29:57', 0),
(259, 3, '2020-01-09 11:39:43', 0),
(260, 34, '2020-01-09 11:53:20', 1),
(261, 30, '2020-01-09 12:16:23', 0),
(262, 3, '2020-01-09 12:54:51', 0),
(263, 77, '2020-01-09 13:00:03', 0),
(264, 3, '2020-01-09 13:01:08', 0),
(265, 3, '2020-01-09 13:06:51', 0),
(266, 3, '2020-01-09 13:08:14', 0),
(267, 78, '2020-01-09 13:10:51', 0),
(268, 77, '2020-01-09 13:11:35', 0),
(269, 77, '2020-01-09 13:11:59', 0),
(270, 89, '2020-01-09 13:15:03', 0),
(271, 90, '2020-01-09 13:15:21', 0),
(272, 23, '2020-01-09 13:18:41', 0),
(273, 89, '2020-01-09 13:19:30', 0),
(274, 90, '2020-01-09 13:19:45', 0),
(275, 20, '2020-01-09 13:34:14', 0),
(276, 62, '2020-01-09 14:50:27', 0),
(277, 29, '2020-01-09 15:10:08', 0),
(278, 32, '2020-01-09 15:13:09', 0),
(279, 74, '2020-01-09 15:22:35', 0),
(280, 22, '2020-01-09 15:23:23', 0),
(281, 29, '2020-01-09 15:40:40', 0),
(282, 29, '2020-01-09 15:55:24', 0),
(283, 29, '2020-01-09 16:03:27', 0),
(284, 57, '2020-01-09 16:11:58', 1),
(285, 29, '2020-01-09 16:14:23', 0),
(286, 26, '2020-01-09 16:23:35', 0),
(287, 29, '2020-01-09 16:27:20', 0),
(288, 29, '2020-01-09 16:31:36', 0),
(289, 29, '2020-01-09 16:40:46', 0),
(290, 21, '2020-01-09 16:42:35', 0),
(291, 77, '2020-01-09 16:42:42', 0),
(292, 29, '2020-01-09 16:50:45', 0),
(293, 29, '2020-01-09 16:53:07', 0),
(294, 67, '2020-01-09 16:58:44', 2),
(295, 28, '2020-01-09 18:05:30', 0),
(296, 62, '2020-01-09 18:30:33', 0),
(297, 68, '2020-01-09 19:47:35', 0),
(298, 47, '2020-01-09 20:15:29', 0),
(299, 47, '2020-01-09 22:15:27', 0),
(300, 41, '2020-01-10 05:21:29', 0),
(301, 41, '2020-01-10 05:22:34', 0),
(302, 82, '2020-01-10 07:24:59', 0),
(303, 74, '2020-01-10 07:52:16', 0),
(304, 69, '2020-01-10 08:20:13', 0),
(305, 69, '2020-01-10 08:25:02', 1),
(306, 24, '2020-01-10 08:30:24', 0),
(307, 22, '2020-01-10 08:32:23', 0),
(308, 70, '2020-01-10 08:34:36', 0),
(309, 23, '2020-01-10 08:41:01', 0),
(310, 60, '2020-01-10 08:45:06', 0),
(311, 21, '2020-01-10 08:56:03', 0),
(312, 21, '2020-01-10 09:19:28', 0),
(313, 20, '2020-01-10 09:46:49', 0),
(314, 67, '2020-01-10 10:34:44', 0),
(315, 47, '2020-01-10 10:36:38', 0),
(316, 28, '2020-01-10 11:00:42', 0),
(317, 19, '2020-01-10 11:32:43', 0),
(318, 20, '2020-01-10 12:26:47', 0),
(319, 29, '2020-01-10 13:01:09', 0),
(320, 29, '2020-01-10 13:01:16', 0),
(321, 69, '2020-01-10 13:15:26', 0),
(322, 30, '2020-01-10 14:04:51', 0),
(323, 22, '2020-01-10 14:06:44', 0),
(324, 64, '2020-01-10 14:09:37', 0),
(325, 24, '2020-01-10 14:10:17', 0),
(326, 62, '2020-01-10 14:12:07', 0),
(327, 27, '2020-01-10 14:12:07', 0),
(328, 32, '2020-01-10 14:21:33', 0),
(329, 33, '2020-01-10 14:48:44', 0),
(330, 26, '2020-01-10 15:13:19', 0),
(331, 77, '2020-01-10 15:43:55', 0),
(332, 75, '2020-01-10 15:47:48', 0),
(333, 3, '2020-01-10 15:53:16', 1),
(334, 3, '2020-01-10 16:38:02', 0),
(335, 3, '2020-01-10 16:41:04', 0),
(336, 21, '2020-01-10 16:53:32', 0),
(337, 28, '2020-01-10 17:15:22', 0),
(338, 17, '2020-01-10 17:37:00', 0),
(339, 34, '2020-01-10 17:41:08', 0),
(340, 23, '2020-01-10 17:41:40', 0),
(341, 28, '2020-01-10 17:45:49', 0),
(342, 16, '2020-01-10 17:51:59', 0),
(343, 62, '2020-01-10 17:55:51', 0),
(344, 21, '2020-01-10 17:59:35', 0),
(345, 77, '2020-01-10 18:25:35', 0),
(346, 67, '2020-01-10 18:31:49', 0),
(347, 22, '2020-01-10 18:37:03', 0),
(348, 53, '2020-01-10 18:40:13', 0),
(349, 60, '2020-01-10 18:56:05', 0),
(350, 53, '2020-01-10 18:58:55', 0),
(351, 63, '2020-01-10 19:03:17', 0),
(352, 63, '2020-01-10 19:03:23', 0),
(353, 63, '2020-01-10 19:03:27', 0),
(354, 57, '2020-01-10 19:24:38', 0),
(355, 53, '2020-01-10 19:35:00', 0),
(356, 34, '2020-01-10 19:45:01', 0),
(357, 26, '2020-01-10 22:34:20', 0),
(358, 22, '2020-01-10 23:29:45', 0),
(359, 3, '2020-01-11 00:12:51', 0),
(360, 82, '2020-01-11 06:44:46', 0),
(361, 63, '2020-01-11 07:28:31', 1),
(362, 45, '2020-01-11 08:04:39', 0),
(363, 22, '2020-01-11 08:47:52', 0),
(364, 23, '2020-01-11 08:56:59', 0),
(365, 64, '2020-01-11 09:24:35', 0),
(366, 46, '2020-01-11 09:46:34', 0),
(367, 22, '2020-01-11 09:53:26', 0),
(368, 26, '2020-01-11 10:56:04', 0),
(369, 61, '2020-01-11 10:58:03', 0),
(370, 37, '2020-01-11 11:44:23', 0),
(371, 63, '2020-01-11 12:25:29', 0),
(372, 21, '2020-01-11 12:31:18', 0),
(373, 67, '2020-01-11 12:42:06', 0),
(374, 77, '2020-01-11 12:51:10', 0),
(375, 40, '2020-01-11 13:05:56', 2),
(376, 57, '2020-01-11 13:09:15', 0),
(377, 56, '2020-01-11 13:29:18', 0),
(378, 82, '2020-01-11 14:09:53', 0),
(379, 62, '2020-01-11 16:45:29', 0),
(380, 21, '2020-01-11 17:19:49', 0),
(381, 44, '2020-01-11 17:22:44', 0),
(382, 67, '2020-01-11 17:29:47', 0),
(383, 77, '2020-01-11 18:13:01', 0),
(384, 62, '2020-01-11 18:15:49', 1),
(385, 21, '2020-01-11 18:21:20', 0),
(386, 60, '2020-01-11 18:46:13', 0),
(387, 44, '2020-01-11 19:07:37', 0),
(388, 22, '2020-01-11 19:24:41', 0),
(389, 37, '2020-01-11 19:32:01', 0),
(390, 22, '2020-01-11 19:57:35', 0),
(391, 45, '2020-01-11 20:18:17', 0),
(392, 47, '2020-01-12 05:24:52', 0),
(393, 77, '2020-01-12 05:54:05', 0),
(394, 57, '2020-01-12 08:09:59', 2),
(395, 44, '2020-01-12 08:38:35', 0),
(396, 62, '2020-01-12 10:39:37', 0),
(397, 64, '2020-01-12 10:55:52', 0),
(398, 26, '2020-01-12 11:54:03', 0),
(399, 64, '2020-01-12 12:01:43', 0),
(400, 64, '2020-01-12 13:39:57', 0),
(401, 64, '2020-01-12 13:59:13', 0),
(402, 21, '2020-01-12 14:00:15', 0),
(403, 21, '2020-01-12 14:10:57', 0),
(404, 64, '2020-01-12 14:19:51', 0),
(405, 65, '2020-01-12 16:53:28', 1),
(406, 64, '2020-01-12 17:07:13', 0),
(407, 42, '2020-01-12 18:38:08', 1),
(408, 64, '2020-01-12 18:56:30', 0),
(409, 52, '2020-01-12 20:54:47', 0),
(410, 52, '2020-01-12 20:54:47', 0),
(411, 62, '2020-01-12 21:08:57', 0),
(412, 62, '2020-01-12 21:08:59', 0),
(413, 41, '2020-01-13 07:11:13', 0),
(414, 82, '2020-01-13 07:23:43', 0),
(415, 53, '2020-01-13 07:53:28', 0),
(416, 58, '2020-01-13 07:59:34', 0),
(417, 69, '2020-01-13 08:07:37', 0),
(418, 61, '2020-01-13 08:10:05', 0),
(419, 75, '2020-01-13 08:14:39', 0),
(420, 21, '2020-01-13 08:19:34', 0),
(421, 20, '2020-01-13 08:25:05', 0),
(422, 22, '2020-01-13 08:30:08', 0),
(423, 68, '2020-01-13 08:31:19', 0),
(424, 70, '2020-01-13 08:38:09', 0),
(425, 29, '2020-01-13 08:40:27', 0),
(426, 29, '2020-01-13 08:45:34', 0),
(427, 37, '2020-01-13 08:45:42', 0),
(428, 77, '2020-01-13 08:46:08', 0),
(429, 37, '2020-01-13 08:46:39', 0),
(430, 8, '2020-01-13 08:51:21', 0),
(431, 50, '2020-01-13 08:54:31', 0),
(432, 60, '2020-01-13 08:57:19', 0),
(433, 45, '2020-01-13 08:57:42', 0),
(434, 32, '2020-01-13 08:59:16', 0),
(435, 29, '2020-01-13 09:05:22', 0),
(436, 38, '2020-01-13 09:08:34', 0),
(437, 34, '2020-01-13 09:09:04', 0),
(438, 34, '2020-01-13 09:10:00', 1),
(439, 23, '2020-01-13 09:25:13', 0),
(440, 28, '2020-01-13 09:27:05', 0),
(441, 44, '2020-01-13 09:40:26', 0),
(442, 19, '2020-01-13 09:45:25', 0),
(443, 43, '2020-01-13 09:46:56', 0),
(444, 31, '2020-01-13 09:48:03', 0),
(445, 26, '2020-01-13 10:00:57', 0),
(446, 59, '2020-01-13 10:17:03', 12),
(447, 30, '2020-01-13 10:18:13', 0),
(448, 59, '2020-01-13 10:18:26', 12),
(449, 27, '2020-01-13 10:18:39', 0),
(450, 27, '2020-01-13 10:21:13', 0),
(451, 62, '2020-01-13 10:22:36', 0),
(452, 44, '2020-01-13 10:23:37', 0),
(453, 20, '2020-01-13 10:29:35', 0),
(454, 33, '2020-01-13 10:35:55', 0),
(455, 36, '2020-01-13 10:40:21', 0),
(456, 64, '2020-01-13 10:43:11', 0),
(457, 30, '2020-01-13 10:43:28', 0),
(458, 67, '2020-01-13 10:54:59', 0),
(459, 40, '2020-01-13 11:04:36', 0),
(460, 3, '2020-01-13 11:13:42', 0),
(461, 29, '2020-01-13 11:16:08', 0),
(462, 29, '2020-01-13 11:16:26', 0),
(463, 42, '2020-01-13 11:17:49', 0),
(464, 67, '2020-01-13 11:30:33', 0),
(465, 23, '2020-01-13 11:38:24', 0),
(466, 67, '2020-01-13 11:44:28', 0),
(467, 3, '2020-01-13 11:46:56', 0),
(468, 48, '2020-01-13 11:54:07', 0),
(469, 48, '2020-01-13 11:56:47', 0),
(470, 82, '2020-01-13 12:03:52', 0),
(471, 82, '2020-01-13 12:04:17', 0),
(472, 82, '2020-01-13 12:04:22', 0),
(473, 82, '2020-01-13 12:04:30', 0),
(474, 56, '2020-01-13 12:10:47', 0),
(475, 21, '2020-01-13 12:11:43', 0),
(476, 53, '2020-01-13 12:29:49', 0),
(477, 63, '2020-01-13 12:36:21', 0),
(478, 37, '2020-01-13 12:41:02', 0),
(479, 57, '2020-01-13 12:48:44', 0),
(480, 47, '2020-01-13 12:51:00', 0),
(481, 64, '2020-01-13 13:08:24', 0),
(482, 22, '2020-01-13 13:11:42', 0),
(483, 3, '2020-01-13 13:19:54', 0),
(484, 77, '2020-01-13 13:20:26', 1),
(485, 54, '2020-01-13 13:21:16', 1),
(486, 34, '2020-01-13 13:34:33', 0),
(487, 68, '2020-01-13 13:40:35', 0),
(488, 60, '2020-01-13 13:53:59', 0),
(489, 41, '2020-01-13 13:54:59', 0),
(490, 29, '2020-01-13 14:06:06', 0),
(491, 26, '2020-01-13 14:08:59', 0),
(492, 29, '2020-01-13 14:12:52', 0),
(493, 17, '2020-01-13 14:12:55', 0),
(494, 22, '2020-01-13 14:24:32', 0),
(495, 64, '2020-01-13 14:28:17', 0),
(496, 66, '2020-01-13 14:33:24', 0),
(497, 32, '2020-01-13 14:43:46', 0),
(498, 59, '2020-01-13 14:50:52', 0),
(499, 3, '2020-01-13 14:53:23', 0),
(500, 66, '2020-01-13 14:53:52', 0),
(501, 63, '2020-01-13 15:19:49', 0),
(502, 55, '2020-01-13 15:42:34', 0),
(503, 28, '2020-01-13 15:55:05', 0),
(504, 23, '2020-01-13 16:06:13', 0),
(505, 59, '2020-01-13 16:08:01', 1),
(506, 3, '2020-01-13 16:24:05', 0),
(507, 13, '2020-01-13 16:25:26', 1),
(508, 3, '2020-01-13 16:26:22', 0),
(509, 22, '2020-01-13 16:26:35', 0),
(510, 77, '2020-01-13 16:35:47', 2),
(511, 21, '2020-01-13 16:41:04', 0),
(512, 67, '2020-01-13 16:44:04', 0),
(513, 3, '2020-01-13 16:46:30', 0),
(514, 22, '2020-01-13 16:53:03', 0),
(515, 59, '2020-01-13 17:00:23', 0),
(516, 77, '2020-01-13 17:01:37', 0),
(517, 62, '2020-01-13 17:11:15', 0),
(518, 63, '2020-01-13 17:27:33', 0),
(519, 58, '2020-01-13 17:29:11', 0),
(520, 59, '2020-01-13 17:42:38', 0),
(521, 30, '2020-01-13 18:10:22', 0),
(522, 45, '2020-01-13 18:14:17', 0),
(523, 37, '2020-01-13 18:34:14', 0),
(524, 78, '2020-01-13 19:03:32', 0),
(525, 77, '2020-01-13 19:07:14', 0),
(526, 37, '2020-01-13 19:14:59', 0),
(527, 61, '2020-01-13 19:23:42', 0),
(528, 61, '2020-01-13 19:29:48', 0),
(529, 41, '2020-01-13 19:51:07', 0),
(530, 63, '2020-01-13 20:23:32', 0),
(531, 59, '2020-01-13 20:28:25', 0),
(532, 59, '2020-01-13 20:29:18', 0),
(533, 64, '2020-01-13 21:23:44', 0),
(534, 33, '2020-01-13 21:28:24', 0),
(535, 35, '2020-01-13 22:58:06', 0),
(536, 64, '2020-01-14 00:42:50', 0),
(537, 63, '2020-01-14 06:58:07', 0),
(538, 17, '2020-01-14 07:03:28', 0),
(539, 82, '2020-01-14 07:07:47', 0),
(540, 62, '2020-01-14 07:17:55', 0),
(541, 16, '2020-01-14 07:21:56', 0),
(542, 21, '2020-01-14 07:25:28', 0),
(543, 77, '2020-01-14 07:36:28', 0),
(544, 44, '2020-01-14 07:45:33', 0),
(545, 44, '2020-01-14 07:50:39', 0),
(546, 69, '2020-01-14 08:06:08', 0),
(547, 50, '2020-01-14 08:10:37', 0),
(548, 44, '2020-01-14 08:20:50', 0),
(549, 22, '2020-01-14 08:22:58', 0),
(550, 24, '2020-01-14 08:25:36', 0),
(551, 23, '2020-01-14 08:26:03', 0),
(552, 74, '2020-01-14 08:28:26', 0),
(553, 70, '2020-01-14 08:33:54', 0),
(554, 34, '2020-01-14 08:35:28', 0),
(555, 20, '2020-01-14 08:42:41', 0),
(556, 50, '2020-01-14 08:45:52', 1),
(557, 8, '2020-01-14 08:50:05', 0),
(558, 50, '2020-01-14 08:51:50', 0),
(559, 21, '2020-01-14 09:05:37', 0),
(560, 16, '2020-01-14 09:11:58', 0),
(561, 19, '2020-01-14 09:24:10', 0),
(562, 53, '2020-01-14 09:27:41', 0),
(563, 67, '2020-01-14 09:27:58', 0),
(564, 26, '2020-01-14 09:53:01', 0),
(565, 21, '2020-01-14 09:55:23', 0),
(566, 67, '2020-01-14 10:08:12', 0),
(567, 68, '2020-01-14 10:28:30', 0),
(568, 31, '2020-01-14 10:33:25', 0),
(569, 58, '2020-01-14 10:58:07', 0),
(570, 22, '2020-01-14 10:59:16', 0),
(571, 44, '2020-01-14 11:05:11', 0),
(572, 3, '2020-01-14 11:18:54', 0),
(573, 63, '2020-01-14 12:12:07', 0),
(574, 61, '2020-01-14 12:22:51', 0),
(575, 3, '2020-01-14 12:52:36', 1),
(576, 77, '2020-01-14 12:53:00', 0),
(577, 70, '2020-01-14 13:07:42', 0),
(578, 8, '2020-01-14 13:30:07', 0),
(579, 22, '2020-01-14 13:37:55', 0),
(580, 77, '2020-01-14 13:46:43', 0),
(581, 53, '2020-01-14 13:56:13', 0),
(582, 44, '2020-01-14 13:58:52', 0),
(583, 3, '2020-01-14 14:12:35', 2),
(584, 64, '2020-01-14 14:16:03', 0),
(585, 56, '2020-01-14 14:19:19', 0),
(586, 63, '2020-01-14 14:39:04', 0),
(587, 55, '2020-01-14 14:41:51', 0),
(588, 21, '2020-01-14 14:46:34', 0),
(589, 3, '2020-01-14 14:59:04', 0),
(590, 42, '2020-01-14 15:09:38', 0),
(591, 53, '2020-01-14 15:23:19', 1),
(592, 74, '2020-01-14 15:25:52', 0),
(593, 19, '2020-01-14 15:28:08', 0),
(594, 30, '2020-01-14 15:39:43', 0),
(595, 34, '2020-01-14 15:48:09', 0),
(596, 44, '2020-01-14 15:59:33', 0),
(597, 24, '2020-01-14 16:20:28', 0),
(598, 77, '2020-01-14 16:21:12', 0),
(599, 73, '2020-01-14 16:23:02', 6),
(600, 73, '2020-01-14 16:25:35', 0),
(601, 44, '2020-01-14 16:40:41', 0),
(602, 44, '2020-01-14 16:53:33', 0),
(603, 64, '2020-01-14 17:08:49', 0),
(604, 70, '2020-01-14 17:34:50', 0),
(605, 55, '2020-01-14 17:38:45', 1),
(606, 59, '2020-01-14 18:19:33', 0),
(607, 53, '2020-01-14 18:37:21', 0),
(608, 77, '2020-01-14 19:06:25', 0),
(609, 44, '2020-01-14 19:36:42', 0),
(610, 44, '2020-01-14 19:37:36', 0),
(611, 62, '2020-01-14 19:39:48', 0),
(612, 24, '2020-01-14 20:40:38', 0),
(613, 57, '2020-01-14 21:18:08', 0),
(614, 43, '2020-01-14 22:14:29', 0),
(615, 41, '2020-01-14 22:27:22', 0),
(616, 30, '2020-01-14 22:40:16', 0),
(617, 28, '2020-01-14 22:51:54', 0),
(618, 30, '2020-01-14 23:02:37', 0),
(619, 46, '2020-01-15 00:03:33', 1),
(620, 46, '2020-01-15 00:18:53', 0),
(621, 46, '2020-01-15 00:21:36', 0),
(622, 44, '2020-01-15 06:05:22', 0),
(623, 63, '2020-01-15 06:20:25', 0),
(624, 63, '2020-01-15 06:32:30', 0),
(625, 82, '2020-01-15 07:12:25', 0),
(626, 82, '2020-01-15 07:12:28', 0),
(627, 82, '2020-01-15 07:12:31', 0),
(628, 77, '2020-01-15 07:43:23', 0),
(629, 91, '2020-01-15 07:47:26', 0),
(630, 2, '2020-01-15 07:48:08', 0),
(631, 77, '2020-01-15 07:57:59', 0),
(632, 70, '2020-01-15 08:02:15', 0),
(633, 23, '2020-01-15 08:07:14', 0),
(634, 69, '2020-01-15 08:09:18', 0),
(635, 24, '2020-01-15 08:25:05', 0),
(636, 22, '2020-01-15 08:27:12', 0),
(637, 74, '2020-01-15 08:31:38', 0),
(638, 21, '2020-01-15 08:41:37', 0),
(639, 19, '2020-01-15 09:06:14', 0),
(640, 20, '2020-01-15 09:08:45', 0),
(641, 19, '2020-01-15 09:26:34', 0),
(642, 26, '2020-01-15 09:59:09', 0),
(643, 82, '2020-01-15 10:02:07', 0),
(644, 65, '2020-01-15 10:05:34', 0),
(645, 62, '2020-01-15 10:26:59', 0),
(646, 70, '2020-01-15 10:34:23', 0),
(647, 22, '2020-01-15 10:35:30', 0),
(648, 64, '2020-01-15 11:00:41', 0),
(649, 50, '2020-01-15 11:04:05', 0),
(650, 44, '2020-01-15 11:08:54', 0),
(651, 61, '2020-01-15 11:25:04', 0),
(652, 59, '2020-01-15 11:33:40', 0),
(653, 77, '2020-01-15 11:48:33', 0),
(654, 57, '2020-01-15 11:48:35', 0),
(655, 64, '2020-01-15 11:59:19', 0),
(656, 42, '2020-01-15 12:30:17', 0),
(657, 69, '2020-01-15 13:18:41', 0),
(658, 64, '2020-01-15 13:25:22', 0),
(659, 82, '2020-01-15 13:28:27', 0),
(660, 16, '2020-01-15 13:31:35', 0),
(661, 24, '2020-01-15 13:47:17', 0),
(662, 64, '2020-01-15 13:47:25', 0),
(663, 29, '2020-01-15 13:47:37', 0),
(664, 23, '2020-01-15 13:50:50', 0),
(665, 19, '2020-01-15 14:22:33', 0),
(666, 64, '2020-01-15 14:48:48', 0),
(667, 20, '2020-01-15 15:02:39', 0),
(668, 21, '2020-01-15 15:02:48', 0),
(669, 3, '2020-01-15 15:05:02', 0),
(670, 69, '2020-01-15 15:08:04', 2),
(671, 22, '2020-01-15 15:19:06', 0),
(672, 44, '2020-01-15 15:35:31', 0),
(673, 44, '2020-01-15 15:36:43', 0),
(674, 45, '2020-01-15 15:43:41', 0),
(675, 23, '2020-01-15 15:54:34', 0),
(676, 23, '2020-01-15 15:57:07', 1),
(677, 91, '2020-01-15 16:03:15', 0),
(678, 32, '2020-01-15 16:17:21', 0),
(679, 23, '2020-01-15 16:23:21', 0),
(680, 68, '2020-01-15 16:44:32', 0),
(681, 50, '2020-01-15 17:37:19', 0),
(682, 44, '2020-01-15 19:07:49', 0),
(683, 45, '2020-01-16 06:56:10', 0),
(684, 82, '2020-01-16 07:13:46', 0),
(685, 82, '2020-01-16 07:13:48', 0),
(686, 82, '2020-01-16 07:13:50', 0),
(687, 41, '2020-01-16 07:48:11', 0),
(688, 69, '2020-01-16 08:02:39', 0),
(689, 16, '2020-01-16 08:18:04', 0),
(690, 70, '2020-01-16 08:19:52', 0),
(691, 23, '2020-01-16 08:22:33', 0),
(692, 21, '2020-01-16 08:23:02', 0),
(693, 23, '2020-01-16 08:23:40', 0),
(694, 24, '2020-01-16 08:24:56', 0),
(695, 77, '2020-01-16 08:32:09', 0),
(696, 22, '2020-01-16 08:35:42', 0),
(697, 21, '2020-01-16 08:36:44', 0),
(698, 63, '2020-01-16 08:50:14', 0),
(699, 27, '2020-01-16 09:36:13', 0),
(700, 52, '2020-01-16 09:42:47', 0),
(701, 62, '2020-01-16 09:47:55', 0),
(702, 53, '2020-01-16 09:49:12', 0),
(703, 26, '2020-01-16 09:50:00', 0),
(704, 72, '2020-01-16 09:51:48', 0),
(705, 70, '2020-01-16 10:24:31', 0),
(706, 43, '2020-01-16 10:25:36', 0),
(707, 75, '2020-01-16 10:31:46', 0),
(708, 68, '2020-01-16 10:58:03', 0),
(709, 21, '2020-01-16 11:00:37', 0),
(710, 19, '2020-01-16 11:01:12', 0),
(711, 88, '2020-01-16 11:22:51', 1),
(712, 78, '2020-01-16 11:44:18', 0),
(713, 65, '2020-01-16 12:30:04', 0),
(714, 3, '2020-01-16 12:32:43', 0),
(715, 43, '2020-01-16 12:43:56', 0),
(716, 46, '2020-01-16 12:48:33', 0),
(717, 36, '2020-01-16 12:55:11', 0),
(718, 3, '2020-01-16 12:56:28', 0),
(719, 8, '2020-01-16 13:05:56', 0),
(720, 42, '2020-01-16 13:21:12', 0),
(721, 20, '2020-01-16 13:48:08', 0),
(722, 8, '2020-01-16 14:17:52', 0),
(723, 8, '2020-01-16 14:18:12', 0),
(724, 8, '2020-01-16 14:18:20', 0),
(725, 44, '2020-01-16 14:25:57', 0),
(726, 44, '2020-01-16 14:26:07', 0),
(727, 44, '2020-01-16 14:26:38', 0),
(728, 44, '2020-01-16 14:26:48', 0),
(729, 23, '2020-01-16 14:39:37', 0),
(730, 23, '2020-01-16 14:41:27', 1),
(731, 33, '2020-01-16 14:55:51', 0),
(732, 91, '2020-01-16 14:56:39', 0),
(733, 45, '2020-01-16 14:57:52', 0),
(734, 8, '2020-01-16 15:24:18', 0),
(735, 77, '2020-01-16 15:24:27', 0),
(736, 17, '2020-01-16 15:45:28', 0),
(737, 29, '2020-01-16 15:52:40', 0),
(738, 16, '2020-01-16 15:55:19', 0),
(739, 53, '2020-01-16 16:34:06', 0),
(740, 33, '2020-01-16 16:43:40', 0),
(741, 37, '2020-01-16 16:46:51', 0),
(742, 64, '2020-01-16 16:53:06', 0),
(743, 58, '2020-01-16 16:57:38', 0),
(744, 62, '2020-01-16 17:13:08', 0),
(745, 42, '2020-01-16 17:56:56', 0),
(746, 36, '2020-01-16 19:18:56', 0),
(747, 36, '2020-01-16 19:21:52', 0),
(748, 77, '2020-01-16 19:59:28', 0),
(749, 45, '2020-01-16 20:29:48', 0),
(750, 21, '2020-01-16 21:03:32', 0),
(751, 42, '2020-01-17 06:28:42', 0),
(752, 63, '2020-01-17 06:49:19', 0),
(753, 82, '2020-01-17 07:17:04', 0),
(754, 82, '2020-01-17 07:17:06', 0),
(755, 51, '2020-01-17 07:56:53', 1),
(756, 36, '2020-01-17 07:59:26', 0),
(757, 21, '2020-01-17 08:06:07', 0),
(758, 8, '2020-01-17 08:12:38', 0),
(759, 77, '2020-01-17 08:22:13', 1),
(760, 74, '2020-01-17 08:25:18', 0),
(761, 70, '2020-01-17 08:25:44', 0),
(762, 38, '2020-01-17 08:27:12', 0),
(763, 20, '2020-01-17 08:39:24', 0),
(764, 47, '2020-01-17 09:17:42', 0),
(765, 40, '2020-01-17 09:24:03', 0),
(766, 72, '2020-01-17 09:40:08', 0),
(767, 68, '2020-01-17 09:42:58', 0),
(768, 19, '2020-01-17 09:59:47', 0),
(769, 19, '2020-01-17 09:59:47', 0),
(770, 19, '2020-01-17 09:59:47', 0),
(771, 19, '2020-01-17 09:59:47', 0),
(772, 19, '2020-01-17 09:59:47', 0),
(773, 19, '2020-01-17 09:59:47', 0),
(774, 19, '2020-01-17 09:59:47', 0),
(775, 26, '2020-01-17 10:26:37', 0),
(776, 62, '2020-01-17 10:27:02', 0),
(777, 63, '2020-01-17 10:40:55', 0),
(778, 21, '2020-01-17 10:42:21', 0),
(779, 35, '2020-01-17 10:44:31', 0),
(780, 21, '2020-01-17 10:49:08', 0),
(781, 59, '2020-01-17 10:50:32', 0),
(782, 39, '2020-01-17 10:55:34', 1),
(783, 39, '2020-01-17 10:59:28', 0),
(784, 22, '2020-01-17 11:06:18', 0),
(785, 54, '2020-01-17 11:11:14', 0),
(786, 54, '2020-01-17 11:18:10', 0),
(787, 39, '2020-01-17 11:33:57', 0),
(788, 39, '2020-01-17 12:14:44', 0),
(789, 39, '2020-01-17 12:27:17', 0),
(790, 60, '2020-01-17 12:31:47', 0),
(791, 39, '2020-01-17 12:35:00', 0),
(792, 78, '2020-01-17 13:01:00', 0),
(793, 35, '2020-01-17 13:17:12', 0),
(794, 55, '2020-01-17 13:30:08', 0),
(795, 70, '2020-01-17 13:38:21', 0),
(796, 20, '2020-01-17 13:39:06', 0),
(797, 24, '2020-01-17 13:39:51', 0),
(798, 21, '2020-01-17 13:41:47', 0),
(799, 21, '2020-01-17 13:42:03', 0),
(800, 72, '2020-01-17 13:44:10', 0),
(801, 21, '2020-01-17 13:46:05', 0),
(802, 68, '2020-01-17 14:16:04', 0),
(803, 34, '2020-01-17 14:20:23', 0),
(804, 42, '2020-01-17 14:21:36', 0),
(805, 8, '2020-01-17 14:24:45', 0),
(806, 65, '2020-01-17 14:28:08', 0),
(807, 22, '2020-01-17 14:31:05', 0),
(808, 46, '2020-01-17 14:41:31', 0),
(809, 91, '2020-01-17 14:53:12', 0),
(810, 27, '2020-01-17 15:35:27', 0),
(811, 50, '2020-01-17 15:51:42', 0),
(812, 62, '2020-01-17 15:57:38', 0),
(813, 70, '2020-01-17 16:43:56', 0),
(814, 26, '2020-01-17 16:51:48', 0),
(815, 3, '2020-01-17 16:59:43', 0),
(816, 63, '2020-01-17 17:14:38', 0),
(817, 45, '2020-01-17 17:54:58', 0),
(818, 35, '2020-01-17 18:06:15', 0),
(819, 59, '2020-01-17 18:46:44', 0),
(820, 32, '2020-01-17 19:22:02', 0),
(821, 41, '2020-01-17 20:54:24', 0),
(822, 30, '2020-01-17 21:39:09', 0),
(823, 82, '2020-01-18 07:07:58', 0),
(824, 77, '2020-01-18 08:28:01', 0),
(825, 54, '2020-01-18 09:32:27', 0),
(826, 52, '2020-01-18 10:41:49', 0),
(827, 45, '2020-01-18 13:44:34', 0),
(828, 48, '2020-01-18 13:44:56', 0),
(829, 48, '2020-01-18 14:16:02', 0),
(830, 66, '2020-01-18 19:18:01', 0),
(831, 66, '2020-01-18 19:18:01', 0),
(832, 66, '2020-01-18 19:18:52', 0),
(833, 66, '2020-01-18 20:24:36', 0),
(834, 28, '2020-01-18 21:23:05', 0),
(835, 28, '2020-01-18 21:52:58', 0),
(836, 60, '2020-01-19 03:10:09', 0),
(837, 40, '2020-01-19 07:43:55', 0),
(838, 35, '2020-01-19 08:21:39', 0),
(839, 65, '2020-01-19 12:17:10', 0),
(840, 52, '2020-01-19 13:55:22', 0),
(841, 24, '2020-01-19 14:18:16', 0),
(842, 52, '2020-01-19 14:22:29', 0),
(843, 21, '2020-01-19 14:36:50', 0),
(844, 21, '2020-01-19 14:40:55', 0),
(845, 77, '2020-01-19 14:44:41', 0),
(846, 21, '2020-01-19 14:45:20', 0),
(847, 21, '2020-01-19 14:49:06', 0),
(848, 21, '2020-01-19 14:52:52', 0),
(849, 64, '2020-01-19 14:55:31', 0),
(850, 55, '2020-01-19 16:50:27', 0),
(851, 35, '2020-01-19 19:35:00', 0),
(852, 44, '2020-01-20 05:44:24', 0),
(853, 82, '2020-01-20 06:42:15', 0),
(854, 77, '2020-01-20 07:37:05', 0),
(855, 91, '2020-01-20 07:44:10', 0),
(856, 45, '2020-01-20 07:49:49', 0),
(857, 63, '2020-01-20 07:59:03', 0),
(858, 20, '2020-01-20 08:02:40', 0),
(859, 8, '2020-01-20 08:11:24', 0),
(860, 21, '2020-01-20 08:18:18', 0),
(861, 8, '2020-01-20 08:18:34', 0),
(862, 68, '2020-01-20 08:19:11', 0),
(863, 64, '2020-01-20 08:19:32', 0),
(864, 42, '2020-01-20 08:20:51', 1),
(865, 66, '2020-01-20 08:23:12', 2),
(866, 70, '2020-01-20 08:24:00', 0),
(867, 29, '2020-01-20 08:25:05', 0),
(868, 29, '2020-01-20 08:28:29', 0),
(869, 53, '2020-01-20 08:30:16', 0),
(870, 50, '2020-01-20 08:31:10', 0),
(871, 66, '2020-01-20 08:32:25', 0),
(872, 46, '2020-01-20 08:41:11', 0),
(873, 60, '2020-01-20 08:41:42', 0),
(874, 27, '2020-01-20 08:43:13', 0),
(875, 58, '2020-01-20 08:45:55', 0),
(876, 44, '2020-01-20 08:48:18', 0),
(877, 22, '2020-01-20 08:49:02', 1),
(878, 23, '2020-01-20 08:50:16', 0),
(879, 19, '2020-01-20 08:50:48', 0),
(880, 34, '2020-01-20 08:51:43', 0),
(881, 66, '2020-01-20 08:52:46', 0),
(882, 66, '2020-01-20 08:54:47', 0),
(883, 55, '2020-01-20 08:55:01', 0),
(884, 59, '2020-01-20 08:56:29', 0),
(885, 66, '2020-01-20 08:56:40', 0),
(886, 37, '2020-01-20 08:57:02', 0),
(887, 66, '2020-01-20 08:57:18', 0),
(888, 38, '2020-01-20 09:04:06', 0),
(889, 24, '2020-01-20 09:16:49', 0),
(890, 30, '2020-01-20 09:18:08', 0),
(891, 43, '2020-01-20 09:21:46', 0),
(892, 35, '2020-01-20 09:23:32', 0),
(893, 72, '2020-01-20 09:26:48', 0),
(894, 59, '2020-01-20 09:26:55', 0),
(895, 51, '2020-01-20 09:26:57', 1),
(896, 51, '2020-01-20 09:33:02', 0),
(897, 33, '2020-01-20 09:37:23', 0),
(898, 57, '2020-01-20 09:41:17', 0),
(899, 61, '2020-01-20 09:43:37', 0),
(900, 33, '2020-01-20 09:44:58', 0),
(901, 41, '2020-01-20 09:46:12', 0),
(902, 32, '2020-01-20 09:46:46', 0),
(903, 31, '2020-01-20 09:48:55', 0),
(904, 26, '2020-01-20 09:56:01', 0),
(905, 35, '2020-01-20 09:56:29', 0),
(906, 52, '2020-01-20 09:56:56', 0),
(907, 65, '2020-01-20 09:58:22', 0),
(908, 35, '2020-01-20 10:03:20', 0),
(909, 56, '2020-01-20 10:06:55', 0),
(910, 41, '2020-01-20 10:09:51', 0),
(911, 42, '2020-01-20 10:13:25', 0),
(912, 67, '2020-01-20 10:16:20', 0),
(913, 39, '2020-01-20 10:19:23', 0),
(914, 63, '2020-01-20 10:25:05', 0),
(915, 41, '2020-01-20 10:26:43', 0),
(916, 16, '2020-01-20 10:31:01', 0),
(917, 67, '2020-01-20 10:32:08', 0),
(918, 70, '2020-01-20 10:43:24', 0),
(919, 3, '2020-01-20 10:45:10', 0),
(920, 44, '2020-01-20 10:50:48', 0),
(921, 36, '2020-01-20 10:51:24', 0),
(922, 77, '2020-01-20 10:56:38', 0),
(923, 2, '2020-01-20 10:57:21', 0),
(924, 63, '2020-01-20 11:00:07', 0),
(925, 82, '2020-01-20 11:09:18', 0),
(926, 74, '2020-01-20 11:11:32', 0),
(927, 21, '2020-01-20 11:13:36', 0),
(928, 35, '2020-01-20 11:47:38', 0),
(929, 82, '2020-01-20 11:51:49', 0),
(930, 62, '2020-01-20 11:59:40', 0),
(931, 64, '2020-01-20 12:02:08', 0),
(932, 28, '2020-01-20 12:03:28', 0),
(933, 22, '2020-01-20 12:18:03', 0),
(934, 72, '2020-01-20 12:30:07', 0),
(935, 78, '2020-01-20 12:35:57', 0),
(936, 91, '2020-01-20 12:37:34', 0),
(937, 44, '2020-01-20 12:47:05', 0),
(938, 68, '2020-01-20 13:08:53', 0),
(939, 22, '2020-01-20 13:10:10', 0),
(940, 3, '2020-01-20 13:10:10', 0),
(941, 3, '2020-01-20 13:12:09', 0),
(942, 3, '2020-01-20 13:12:40', 0),
(943, 44, '2020-01-20 13:29:34', 0),
(944, 3, '2020-01-20 13:33:07', 0),
(945, 74, '2020-01-20 13:34:20', 0),
(946, 77, '2020-01-20 13:35:44', 0),
(947, 91, '2020-01-20 13:36:35', 0),
(948, 91, '2020-01-20 13:39:54', 0),
(949, 70, '2020-01-20 13:41:00', 0),
(950, 66, '2020-01-20 13:41:51', 0),
(951, 17, '2020-01-20 14:05:24', 0),
(952, 19, '2020-01-20 14:50:46', 0),
(953, 55, '2020-01-20 14:52:03', 0),
(954, 29, '2020-01-20 15:04:04', 0),
(955, 16, '2020-01-20 15:16:45', 0),
(956, 82, '2020-01-20 15:17:40', 0),
(957, 64, '2020-01-20 15:20:46', 0),
(958, 40, '2020-01-20 15:25:47', 0),
(959, 62, '2020-01-20 15:26:35', 0),
(960, 8, '2020-01-20 15:38:05', 0),
(961, 64, '2020-01-20 15:40:29', 0),
(962, 68, '2020-01-20 15:43:26', 0),
(963, 70, '2020-01-20 16:03:55', 0),
(964, 44, '2020-01-20 16:30:38', 0),
(965, 20, '2020-01-20 16:35:41', 0),
(966, 26, '2020-01-20 16:53:06', 0),
(967, 77, '2020-01-20 17:23:05', 0),
(968, 62, '2020-01-20 18:11:27', 0),
(969, 3, '2020-01-20 19:26:15', 0),
(970, 48, '2020-01-20 20:42:15', 1),
(971, 28, '2020-01-20 22:17:50', 0),
(972, 64, '2020-01-20 23:27:19', 0),
(973, 46, '2020-01-20 23:47:16', 0),
(974, 82, '2020-01-21 07:17:18', 0),
(975, 20, '2020-01-21 08:03:56', 0),
(976, 23, '2020-01-21 08:14:19', 0),
(977, 77, '2020-01-21 08:21:24', 0),
(978, 21, '2020-01-21 08:28:03', 0),
(979, 74, '2020-01-21 08:29:24', 0),
(980, 59, '2020-01-21 08:31:58', 0),
(981, 22, '2020-01-21 08:34:04', 0),
(982, 68, '2020-01-21 08:35:33', 0),
(983, 70, '2020-01-21 08:38:03', 0),
(984, 69, '2020-01-21 08:43:31', 0),
(985, 35, '2020-01-21 08:49:01', 0),
(986, 40, '2020-01-21 08:50:20', 0),
(987, 4, '2020-01-21 09:00:04', 0),
(988, 19, '2020-01-21 09:02:30', 0),
(989, 42, '2020-01-21 09:19:03', 0),
(990, 65, '2020-01-21 09:31:45', 0),
(991, 26, '2020-01-21 09:43:14', 0),
(992, 45, '2020-01-21 09:43:34', 0),
(993, 62, '2020-01-21 09:52:07', 0),
(994, 62, '2020-01-21 09:53:04', 0),
(995, 69, '2020-01-21 10:00:13', 0),
(996, 55, '2020-01-21 10:14:22', 0),
(997, 67, '2020-01-21 11:20:45', 0),
(998, 58, '2020-01-21 11:44:25', 0),
(999, 19, '2020-01-21 12:16:57', 0),
(1000, 23, '2020-01-21 12:41:19', 0),
(1001, 68, '2020-01-21 13:04:58', 0),
(1002, 3, '2020-01-21 13:15:11', 0),
(1003, 69, '2020-01-21 13:38:39', 1),
(1004, 64, '2020-01-21 13:42:43', 0),
(1005, 3, '2020-01-21 13:43:49', 0),
(1006, 69, '2020-01-21 13:53:05', 0),
(1007, 21, '2020-01-21 14:53:06', 0),
(1008, 23, '2020-01-21 15:07:45', 0),
(1009, 43, '2020-01-21 15:16:35', 0),
(1010, 22, '2020-01-21 15:33:32', 0),
(1011, 62, '2020-01-21 15:52:43', 0),
(1012, 70, '2020-01-21 15:56:11', 0),
(1013, 21, '2020-01-21 16:00:01', 0),
(1014, 21, '2020-01-21 16:03:34', 0),
(1015, 26, '2020-01-21 16:47:39', 2),
(1016, 91, '2020-01-21 16:52:17', 0),
(1017, 3, '2020-01-21 17:56:12', 0),
(1018, 10, '2020-01-21 18:02:46', 0),
(1019, 91, '2020-01-21 18:11:29', 0),
(1020, 77, '2020-01-21 18:47:04', 0),
(1021, 26, '2020-01-21 18:47:38', 0),
(1022, 19, '2020-01-22 07:51:02', 0),
(1023, 45, '2020-01-22 07:54:33', 0),
(1024, 21, '2020-01-22 08:21:34', 0),
(1025, 82, '2020-01-22 08:28:22', 0),
(1026, 70, '2020-01-22 08:30:39', 0),
(1027, 69, '2020-01-22 08:45:05', 0),
(1028, 23, '2020-01-22 08:46:31', 0),
(1029, 77, '2020-01-22 09:12:52', 0),
(1030, 17, '2020-01-22 09:16:36', 0),
(1031, 26, '2020-01-22 09:40:49', 0),
(1032, 68, '2020-01-22 09:41:19', 0),
(1033, 49, '2020-01-22 10:03:47', 0),
(1034, 42, '2020-01-22 10:23:03', 0),
(1035, 75, '2020-01-22 11:18:09', 0),
(1036, 16, '2020-01-22 12:51:06', 0),
(1037, 70, '2020-01-22 13:40:44', 0),
(1038, 19, '2020-01-22 14:00:44', 0),
(1039, 63, '2020-01-22 14:01:27', 0),
(1040, 20, '2020-01-22 14:01:52', 0),
(1041, 45, '2020-01-22 14:09:01', 0),
(1042, 22, '2020-01-22 14:15:18', 0),
(1043, 23, '2020-01-22 14:30:11', 0),
(1044, 25, '2020-01-22 14:31:49', 0),
(1045, 75, '2020-01-22 14:46:53', 0),
(1046, 82, '2020-01-22 14:53:47', 0),
(1047, 58, '2020-01-22 14:56:31', 0),
(1048, 8, '2020-01-22 15:03:21', 0),
(1049, 24, '2020-01-22 15:07:32', 0),
(1050, 2, '2020-01-22 15:09:49', 0),
(1051, 3, '2020-01-22 15:40:12', 0),
(1052, 34, '2020-01-22 15:53:23', 0),
(1053, 70, '2020-01-22 16:10:33', 0),
(1054, 44, '2020-01-22 16:31:23', 0),
(1055, 21, '2020-01-22 16:59:02', 0),
(1056, 58, '2020-01-22 17:02:42', 0),
(1057, 58, '2020-01-22 17:19:53', 0),
(1058, 77, '2020-01-22 17:37:37', 0),
(1059, 21, '2020-01-22 17:50:28', 0),
(1060, 58, '2020-01-22 17:54:23', 0),
(1061, 58, '2020-01-22 19:01:54', 0),
(1062, 77, '2020-01-22 19:13:32', 0),
(1063, 44, '2020-01-22 19:44:45', 0),
(1064, 35, '2020-01-22 22:21:40', 0),
(1065, 44, '2020-01-23 04:26:37', 0),
(1066, 82, '2020-01-23 07:14:54', 1),
(1067, 82, '2020-01-23 07:15:29', 0),
(1068, 82, '2020-01-23 07:15:54', 0),
(1069, 70, '2020-01-23 08:03:10', 0),
(1070, 23, '2020-01-23 08:26:14', 0),
(1071, 21, '2020-01-23 08:33:14', 0),
(1072, 32, '2020-01-23 08:42:32', 0),
(1073, 19, '2020-01-23 09:06:07', 0),
(1074, 26, '2020-01-23 09:36:14', 0),
(1075, 22, '2020-01-23 09:39:15', 0),
(1076, 20, '2020-01-23 09:55:47', 0),
(1077, 17, '2020-01-23 10:08:43', 0),
(1078, 42, '2020-01-23 11:48:34', 1),
(1079, 58, '2020-01-23 12:15:06', 0),
(1080, 70, '2020-01-23 13:25:41', 0),
(1081, 23, '2020-01-23 13:43:06', 0),
(1082, 19, '2020-01-23 14:22:26', 0),
(1083, 53, '2020-01-23 14:37:46', 0),
(1084, 20, '2020-01-23 15:20:09', 0),
(1085, 74, '2020-01-23 15:47:23', 0),
(1086, 33, '2020-01-23 15:51:42', 0),
(1087, 70, '2020-01-23 16:07:04', 0),
(1088, 23, '2020-01-23 16:07:45', 0),
(1089, 26, '2020-01-23 16:25:05', 0),
(1090, 68, '2020-01-23 16:34:53', 0),
(1091, 21, '2020-01-23 17:00:28', 0),
(1092, 53, '2020-01-23 17:11:53', 0),
(1093, 24, '2020-01-23 17:51:56', 0),
(1094, 22, '2020-01-23 18:42:22', 0),
(1095, 16, '2020-01-23 18:43:02', 0),
(1096, 17, '2020-01-23 18:44:26', 0),
(1097, 53, '2020-01-23 21:05:20', 0),
(1098, 68, '2020-01-23 22:24:50', 0),
(1099, 30, '2020-01-23 22:29:30', 0),
(1100, 82, '2020-01-24 07:43:44', 0),
(1101, 82, '2020-01-24 07:53:14', 0),
(1102, 82, '2020-01-24 07:53:28', 0),
(1103, 70, '2020-01-24 08:30:12', 0),
(1104, 21, '2020-01-24 08:31:05', 0),
(1105, 68, '2020-01-24 08:42:08', 0),
(1106, 22, '2020-01-24 08:47:16', 0),
(1107, 23, '2020-01-24 08:48:23', 0),
(1108, 53, '2020-01-24 09:15:04', 0),
(1109, 20, '2020-01-24 09:21:49', 0),
(1110, 31, '2020-01-24 09:25:27', 0),
(1111, 19, '2020-01-24 09:42:05', 0),
(1112, 19, '2020-01-24 09:48:48', 0),
(1113, 77, '2020-01-24 09:54:26', 0),
(1114, 63, '2020-01-24 09:59:07', 0),
(1115, 33, '2020-01-24 10:01:18', 0),
(1116, 63, '2020-01-24 10:05:19', 0),
(1117, 26, '2020-01-24 10:08:49', 0),
(1118, 22, '2020-01-24 10:42:30', 0),
(1119, 8, '2020-01-24 10:45:14', 0),
(1120, 17, '2020-01-24 10:54:30', 0),
(1121, 33, '2020-01-24 13:19:10', 0),
(1122, 23, '2020-01-24 13:22:23', 0),
(1123, 33, '2020-01-24 13:27:23', 0),
(1124, 70, '2020-01-24 13:27:31', 0),
(1125, 77, '2020-01-24 13:36:58', 0),
(1126, 42, '2020-01-24 13:46:28', 0),
(1127, 68, '2020-01-24 13:49:47', 0),
(1128, 63, '2020-01-24 14:01:17', 0),
(1129, 33, '2020-01-24 14:05:10', 0),
(1130, 56, '2020-01-24 14:14:50', 0),
(1131, 56, '2020-01-24 14:14:55', 0),
(1132, 22, '2020-01-24 14:34:19', 0),
(1133, 21, '2020-01-24 14:42:42', 0),
(1134, 19, '2020-01-24 14:49:14', 0),
(1135, 22, '2020-01-24 15:06:59', 0),
(1136, 17, '2020-01-24 15:09:32', 0),
(1137, 59, '2020-01-24 15:12:18', 0),
(1138, 34, '2020-01-24 15:25:14', 0),
(1139, 43, '2020-01-24 15:35:12', 0),
(1140, 59, '2020-01-24 15:45:54', 0),
(1141, 64, '2020-01-24 15:55:54', 0),
(1142, 74, '2020-01-24 16:11:03', 0),
(1143, 39, '2020-01-24 16:20:31', 0),
(1144, 70, '2020-01-24 16:20:49', 0),
(1145, 16, '2020-01-24 16:26:35', 0),
(1146, 53, '2020-01-24 17:06:17', 0),
(1147, 3, '2020-01-24 17:42:38', 0),
(1148, 37, '2020-01-24 19:08:39', 0),
(1149, 82, '2020-01-25 07:04:37', 0),
(1150, 42, '2020-01-25 10:59:20', 0),
(1151, 44, '2020-01-25 11:41:25', 0),
(1152, 2, '2020-01-25 11:51:31', 0),
(1153, 44, '2020-01-25 12:21:16', 0),
(1154, 44, '2020-01-25 12:28:54', 0),
(1155, 44, '2020-01-25 12:43:10', 0),
(1156, 32, '2020-01-25 12:46:29', 0),
(1157, 44, '2020-01-25 12:53:26', 0),
(1158, 17, '2020-01-25 13:44:55', 0),
(1159, 2, '2020-01-25 13:51:41', 0),
(1160, 3, '2020-01-25 14:40:50', 0),
(1161, 3, '2020-01-25 15:24:50', 0),
(1162, 33, '2020-01-26 19:16:05', 0),
(1163, 48, '2020-01-26 19:29:38', 0),
(1164, 42, '2020-01-27 06:09:24', 0),
(1165, 40, '2020-01-27 06:47:03', 0),
(1166, 82, '2020-01-27 07:03:17', 0),
(1167, 29, '2020-01-27 07:44:23', 0),
(1168, 26, '2020-01-27 07:49:55', 0),
(1169, 70, '2020-01-27 08:01:37', 0),
(1170, 68, '2020-01-27 08:05:01', 0),
(1171, 22, '2020-01-27 08:07:10', 0),
(1172, 29, '2020-01-27 08:07:16', 0),
(1173, 29, '2020-01-27 08:09:34', 0),
(1174, 36, '2020-01-27 08:10:02', 0),
(1175, 52, '2020-01-27 08:10:20', 0),
(1176, 53, '2020-01-27 08:10:25', 0),
(1177, 50, '2020-01-27 08:10:38', 0),
(1178, 29, '2020-01-27 08:10:54', 0),
(1179, 48, '2020-01-27 08:11:15', 0),
(1180, 29, '2020-01-27 08:12:48', 0),
(1181, 57, '2020-01-27 08:14:05', 0),
(1182, 49, '2020-01-27 08:15:24', 0),
(1183, 45, '2020-01-27 08:15:33', 0),
(1184, 55, '2020-01-27 08:15:59', 0),
(1185, 32, '2020-01-27 08:16:22', 0),
(1186, 60, '2020-01-27 08:17:59', 0),
(1187, 55, '2020-01-27 08:19:16', 0),
(1188, 37, '2020-01-27 08:19:52', 0),
(1189, 55, '2020-01-27 08:19:54', 0),
(1190, 59, '2020-01-27 08:19:58', 0),
(1191, 33, '2020-01-27 08:20:08', 0),
(1192, 44, '2020-01-27 08:20:57', 0),
(1193, 48, '2020-01-27 08:23:34', 0),
(1194, 21, '2020-01-27 08:23:46', 0),
(1195, 27, '2020-01-27 08:26:22', 0),
(1196, 20, '2020-01-27 08:28:02', 0),
(1197, 68, '2020-01-27 08:30:03', 0),
(1198, 66, '2020-01-27 08:30:35', 0),
(1199, 23, '2020-01-27 08:32:57', 0),
(1200, 35, '2020-01-27 08:51:31', 0),
(1201, 30, '2020-01-27 08:52:39', 0),
(1202, 61, '2020-01-27 08:53:43', 0),
(1203, 77, '2020-01-27 08:54:15', 0),
(1204, 51, '2020-01-27 08:54:17', 1),
(1205, 20, '2020-01-27 08:55:01', 0),
(1206, 65, '2020-01-27 09:03:24', 0),
(1207, 28, '2020-01-27 09:20:19', 0),
(1208, 28, '2020-01-27 09:34:52', 0),
(1209, 46, '2020-01-27 09:38:12', 0),
(1210, 64, '2020-01-27 09:39:39', 0),
(1211, 41, '2020-01-27 09:59:15', 0),
(1212, 39, '2020-01-27 10:15:07', 0),
(1213, 67, '2020-01-27 10:18:37', 0),
(1214, 31, '2020-01-27 10:23:24', 0),
(1215, 58, '2020-01-27 10:23:52', 0),
(1216, 78, '2020-01-27 10:24:30', 0),
(1217, 38, '2020-01-27 10:29:26', 0),
(1218, 39, '2020-01-27 10:50:22', 0),
(1219, 67, '2020-01-27 10:53:57', 0),
(1220, 64, '2020-01-27 10:58:21', 0),
(1221, 56, '2020-01-27 10:58:29', 0),
(1222, 64, '2020-01-27 11:15:21', 0),
(1223, 63, '2020-01-27 11:30:32', 0),
(1224, 77, '2020-01-27 12:10:11', 0),
(1225, 68, '2020-01-27 12:12:11', 0),
(1226, 43, '2020-01-27 13:02:28', 0),
(1227, 77, '2020-01-27 13:09:38', 1),
(1228, 23, '2020-01-27 13:12:26', 0),
(1229, 62, '2020-01-27 13:22:20', 0),
(1230, 42, '2020-01-27 13:24:14', 1),
(1231, 34, '2020-01-27 13:26:58', 0),
(1232, 21, '2020-01-27 14:08:04', 0),
(1233, 20, '2020-01-27 14:26:09', 0),
(1234, 70, '2020-01-27 14:29:22', 0),
(1235, 64, '2020-01-27 14:45:54', 0),
(1236, 55, '2020-01-27 16:34:40', 0),
(1237, 17, '2020-01-27 18:59:47', 0),
(1238, 78, '2020-01-27 21:59:35', 0),
(1239, 16, '2020-01-27 23:55:36', 0),
(1240, 55, '2020-01-28 01:24:25', 0),
(1241, 55, '2020-01-28 01:25:04', 0),
(1242, 78, '2020-01-28 06:55:52', 0),
(1243, 58, '2020-01-28 07:56:16', 0),
(1244, 19, '2020-01-28 08:04:56', 0),
(1245, 23, '2020-01-28 08:17:22', 0),
(1246, 70, '2020-01-28 08:20:02', 0),
(1247, 21, '2020-01-28 08:28:18', 0),
(1248, 20, '2020-01-28 08:28:46', 0),
(1249, 26, '2020-01-28 09:02:19', 0),
(1250, 22, '2020-01-28 09:06:12', 0),
(1251, 9, '2020-01-28 09:25:46', 0),
(1252, 9, '2020-01-28 10:13:38', 0),
(1253, 78, '2020-01-28 10:15:51', 0),
(1254, 9, '2020-01-28 10:16:17', 0),
(1255, 12, '2020-01-28 10:16:50', 0),
(1256, 35, '2020-01-28 10:33:34', 0),
(1257, 12, '2020-01-28 10:58:37', 0),
(1258, 42, '2020-01-28 11:02:47', 0),
(1259, 77, '2020-01-28 11:13:06', 0),
(1260, 68, '2020-01-28 11:27:40', 0),
(1261, 20, '2020-01-28 11:34:44', 0),
(1262, 64, '2020-01-28 11:55:50', 0),
(1263, 17, '2020-01-28 12:17:04', 0),
(1264, 53, '2020-01-28 12:46:59', 0),
(1265, 68, '2020-01-28 12:58:30', 0),
(1266, 7, '2020-01-28 13:02:47', 0),
(1267, 3, '2020-01-28 13:26:07', 0),
(1268, 70, '2020-01-28 13:48:46', 0),
(1269, 23, '2020-01-28 14:14:53', 0),
(1270, 29, '2020-01-28 14:18:09', 0),
(1271, 3, '2020-02-06 13:54:59', 0),
(1272, 3, '2020-02-06 13:55:29', 0),
(1273, 3, '2020-02-06 13:55:58', 0),
(1274, 3, '2020-02-06 13:56:11', 0),
(1275, 3, '2020-02-06 13:59:51', 0),
(1276, 3, '2020-02-07 11:30:01', 0),
(1277, 3, '2020-02-10 11:03:12', 0),
(1278, 3, '2020-02-11 11:57:34', 0),
(1279, 3, '2020-02-11 13:50:17', 0),
(1280, 3, '2020-02-11 18:41:49', 0),
(1281, 3, '2020-02-12 11:22:22', 0),
(1282, 44, '2020-02-12 15:33:51', 1),
(1283, 30, '2020-02-12 15:34:42', 0),
(1284, 2, '2020-02-12 17:28:31', 0),
(1285, 44, '2020-02-12 17:30:06', 0),
(1286, 3, '2020-02-12 17:36:29', 0),
(1287, 44, '2020-02-12 17:40:58', 0),
(1288, 3, '2020-02-13 11:35:00', 0),
(1289, 3, '2020-02-14 13:28:45', 0),
(1290, 3, '2020-02-14 22:37:51', 0),
(1291, 3, '2020-02-17 10:11:36', 0),
(1292, 3, '2020-02-18 11:46:40', 0),
(1293, 3, '2020-02-18 13:13:14', 0);

--
-- Indexes for dumped tables
--

--
-- Indexes for table `dm_domain`
--
ALTER TABLE `dm_domain`
  ADD PRIMARY KEY (`id_domain`);

--
-- Indexes for table `dm_userlevel`
--
ALTER TABLE `dm_userlevel`
  ADD PRIMARY KEY (`id_userlevel`);

--
-- Indexes for table `dt_user`
--
ALTER TABLE `dt_user`
  ADD PRIMARY KEY (`id_user`),
  ADD KEY `id_project` (`id_project`),
  ADD KEY `id_customer` (`id_customer`),
  ADD KEY `id_warehouse` (`id_warehouse`),
  ADD KEY `id_userlevel` (`id_userlevel`);

--
-- Indexes for table `dt_user_log`
--
ALTER TABLE `dt_user_log`
  ADD PRIMARY KEY (`id_log`);

--
-- AUTO_INCREMENT for dumped tables
--

--
-- AUTO_INCREMENT for table `dm_domain`
--
ALTER TABLE `dm_domain`
  MODIFY `id_domain` int(11) NOT NULL AUTO_INCREMENT, AUTO_INCREMENT=4;

--
-- AUTO_INCREMENT for table `dm_userlevel`
--
ALTER TABLE `dm_userlevel`
  MODIFY `id_userlevel` int(11) NOT NULL AUTO_INCREMENT, AUTO_INCREMENT=72;

--
-- AUTO_INCREMENT for table `dt_user`
--
ALTER TABLE `dt_user`
  MODIFY `id_user` int(11) NOT NULL AUTO_INCREMENT, AUTO_INCREMENT=92;

--
-- AUTO_INCREMENT for table `dt_user_log`
--
ALTER TABLE `dt_user_log`
  MODIFY `id_log` int(11) NOT NULL AUTO_INCREMENT, AUTO_INCREMENT=1294;
COMMIT;

/*!40101 SET CHARACTER_SET_CLIENT=@OLD_CHARACTER_SET_CLIENT */;
/*!40101 SET CHARACTER_SET_RESULTS=@OLD_CHARACTER_SET_RESULTS */;
/*!40101 SET COLLATION_CONNECTION=@OLD_COLLATION_CONNECTION */;
